epoch,train_accuracy,validation_accuracy
0,0.8971768021583557,0.8872243165969849
